Generate a dockerfile of Certbot 2.4.0	"# Use Ubuntu 20.04 as the base image
FROM ubuntu:20.04

# Set non-interactive mode during apt-get installs
ENV DEBIAN_FRONTEND=noninteractive

# Update package lists
RUN apt-get update && apt-get install -y \
    software-properties-common \
    && add-apt-repository universe \
    && apt-get update

# Install Certbot dependencies
RUN apt-get install -y \
    certbot \
    && apt-get clean

# Install pip
RUN apt-get install -y python3-pip

# Install Certbot 2.4.1 using pip
RUN pip3 install certbot==2.4.0

# Expose the necessary ports
EXPOSE 80
EXPOSE 443

# Default command when the container starts
CMD [""certbot""]"
Generate a dockerfile of fontforge	"FROM ubuntu:16.04

RUN  apt-get update \
  && apt-get install -y \
     software-properties-common \
     --no-install-recommends \
  && add-apt-repository ppa:fontforge/fontforge \
  && apt-get update \
  && apt-get install -y \
     fontforge \
     --no-install-recommends \
  && rm -rf /var/lib/apt/lists/*

ENV HOME /home/fontforge
RUN useradd --create-home --home-dir $HOME fontforge
WORKDIR $HOME
USER fontforge
CMD [ ""fontforge"" ]"
Generate a dockerfile of powershell 7.0.1	"FROM debian:stretch-slim

ENV POWERSHELL_VERSION 7.0.1

RUN apt-get update && apt-get install -y \
	ca-certificates \
	dpkg \
	libcurl3 \
	libicu57 \
	libssl1.0.2 \
	liblttng-ust0 \
	libunwind8 \
	wget \
	--no-install-recommends \
	&& rm -rf /var/lib/apt/lists/*

RUN cd /usr/src \
	&& wget ""https://github.com/PowerShell/PowerShell/releases/download/v${POWERSHELL_VERSION}/powershell_${POWERSHELL_VERSION}-1.debian.9_amd64.deb"" -O /tmp/powershell.deb \
	&& dpkg -i /tmp/powershell.deb \
	&& ln -snf ""/opt/microsoft/powershell/7/pwsh"" /usr/bin/pwsh \
	&& apt-get install -fy \
	&& rm -rf /var/lib/apt/lists/* /usr/src/* /tmp/powershell.deb \
	&& which pwsh

ENTRYPOINT [ ""/usr/bin/pwsh"" ]"
Generate a dockerfile of telnet	"FROM alpine:latest

RUN apk add --no-cache --virtual \
	busybox-extras

ENTRYPOINT [ ""telnet"" ]"
Generate a dockerfile of Aom	"FROM debian:bullseye-slim

ENV DEBIAN_FRONTEND noninteractive

RUN apt-get update && apt-get install -y \
	apt-transport-https \
	ca-certificates \
	gnupg \
	wget \
	--no-install-recommends

# Add the atom debian repo
RUN wget -qO- https://packagecloud.io/AtomEditor/atom/gpgkey | apt-key add -
RUN sh -c 'echo ""deb [arch=amd64] https://packagecloud.io/AtomEditor/atom/any/ any main"" > /etc/apt/sources.list.d/atom.list'

# Install dependencies
RUN apt-get update && apt-get install -y \
	atom \
	git \
	gconf2 \
	gconf-service \
	gvfs-bin \
	libasound2 \
	libcap2 \
	libgconf-2-4 \
	libgtk2.0-0 \
	libnotify4 \
	libnss3 \
	libxkbfile1 \
	libxss1 \
	libxtst6 \
	libx11-xcb-dev \
	xdg-utils \
	--no-install-recommends

# Autorun atom
ENTRYPOINT [ ""atom"", ""--foreground"" ]"
Generate a dockerfile of gcalcli	"FROM alpine:latest

ENV HOME /home/gcalcli

RUN apk --no-cache add \
	python3 \
	python3-dev \
	build-base \
	&& adduser -S gcalcli \
	&& chown -R gcalcli $HOME \
	&& pip3 install vobject parsedatetime gcalcli

WORKDIR $HOME
USER gcalcli

ENTRYPOINT [ ""gcalcli"" ]"
Generate a dockerfile of XAMPP 8.2.4	"# Use official Ubuntu 20.04 LTS as the base image
FROM ubuntu:20.04

# Set non-interactive mode
ENV DEBIAN_FRONTEND noninteractive

# Install required packages
RUN apt-get update && apt-get install -y \
    wget \
    && rm -rf /var/lib/apt/lists/*

# Download XAMPP 8.2.4
RUN wget -O /tmp/xampp-linux-x64-8.2.4-0-installer.run https://sourceforge.net/projects/xampp/files/XAMPP%20Linux/8.2.4/xampp-linux-x64-8.2.4-0-installer.run/download

# Make the installer executable
RUN chmod +x /tmp/xampp-linux-x64-8.2.4-0-installer.run

# Run XAMPP installer in unattended mode
RUN /tmp/xampp-linux-x64-8.2.4-0-installer.run --mode unattended

# Clean up downloaded installer
RUN rm /tmp/xampp-linux-x64-8.2.4-0-installer.run

# Expose ports
EXPOSE 80 443

# Start XAMPP services
CMD [""/opt/lampp/lampp"", ""start""]"
Generate a dockerfile of FileZilla Client	"# Base Image
FROM ubuntu:latest

# Install FileZilla
RUN apt-get update \
    && apt-get install -y filezilla \
    && rm -rf /var/lib/apt/lists/*

# Set display environment variable (for GUI)
ENV DISPLAY=:0

# Command to run FileZilla
CMD [""filezilla""]"
Generate a dockerfile of exiftool	"# Use the official Perl image as base
FROM perl:latest

# Install required packages
RUN apt-get update && \
    apt-get install -y libimage-exiftool-perl

# Set working directory
WORKDIR /usr/src/app

# Define the entry point
ENTRYPOINT [""exiftool""]"
